temperature,vibration,power_usage,noise_level,maintenance
78.69346042619577,3.5973185336503333,301.4061239448546,3.0989383166469073,Normal Operation
83.5438800872208,2.1638409611974767,399.88116757206814,2.396059880653042,Normal Operation
94.05885763116535,1.3523905017954063,557.2480890102196,4.812972240933187,Normal Operation
44.26961537920974,2.8405286694983127,487.2669277521041,1.719068778013995,Clogged Filter
65.56232546859232,4.709756242834834,517.1310705196921,1.5199245613859809,Normal Operation
96.04220129062429,1.8462344585073658,506.19267004426456,3.579465879863304,Unbalanced Load
78.45691886808325,4.663429804837874,348.0774683261448,3.7707316995881586,Normal Operation
44.748664323371784,2.479865770833981,570.5947760910328,4.6309931374049835,Unbalanced Load
95.363816885084,1.3037469117419054,307.18216172120304,0.1835843366239842,Normal Operation
85.79135466112331,3.387948732440157,566.7486124085711,1.5303835951489508,Unbalanced Load
45.15760696419683,0.9993325259152769,325.6469398628995,1.2888664210885854,Normal Operation
90.82831240164526,2.0411797850616415,453.3058562213181,1.0121729770393062,Normal Operation
70.54431327466023,3.068019455791624,375.7177562716672,2.1311188575275257,Bearing Wear
87.31675574811875,4.682600474533267,315.7936404481983,3.5118741722595126,Bearing Wear
59.523091478416035,1.9171192588090114,463.9904475327764,0.5860428021257447,Normal Operation
52.24259435788046,2.2282396229349786,494.34547710091573,2.397792224024109,Normal Operation
90.64332572436803,1.9040747556270814,385.7988397346222,4.838037684380325,Normal Operation
87.81323897359074,1.7632546459275407,500.39185971643167,0.5309832866808878,Normal Operation
69.72460397727099,4.689262182387272,527.4767299737679,2.772331656330689,Unbalanced Load
61.48851524705781,1.7513582787815523,339.716747206198,0.453322210584739,Normal Operation
46.4223892337355,0.4356284524690929,577.4578810339519,3.6779934918387527,Normal Operation
71.1927319330719,2.1607550459709532,679.1179850771348,0.1599721953522032,Normal Operation
1626.3498265638366,0.156665877668824,526.6339689646737,2.617285344218454,Normal Operation
82.68566753715146,4.104747408400989,394.9799122274301,3.8451718397373553,Normal Operation
86.02415712002065,2.0535968676188365,489.80100773146626,1.770300705922715,Normal Operation
78.224573184428,4.833451531336871,317.9630516719386,2.623334687667339,Unbalanced Load
70.62728385772884,3.123027417201687,492.82203567350615,1.2653011362652404,Unbalanced Load
87.27657192079168,3.8366163726104268,419.15231655423776,3.3248457504509,Unbalanced Load
44.82388039691838,4.692897980901336,403.6945247170938,2.7537838482938506,Normal Operation
635.9941732299403,1.3107208035985896,626.8099031347047,4.752711539750931,Normal Operation
54.55447889011077,3.2214047333304165,684.460592869732,4.054944759628774,Clogged Filter
66.34489366447553,2.3486396142953048,349.28344542616134,4.551838281107515,Normal Operation
381.9855265459267,1.2975237586124204,578.1102781355905,3.1810298684809313,Overheating Motor
67.95547467707327,0.1614622271310967,686.5026438642435,2.7616452983860293,Clogged Filter
56.00074607370405,3.9897754072298652,365.08121051466605,4.929918584194379,Normal Operation
44.05482719907464,4.508344096189647,440.84553594176293,3.0792485794069204,Bearing Wear
67.31933592719696,4.887621509841162,393.2076212117493,1.7337325448262502,Normal Operation
78.56216116820491,1.3084111684399302,574.6562071680637,0.6277134085738373,Normal Operation
68.37465932332312,2.1083931953038686,544.0353911238658,3.95854001650993,Unbalanced Load
53.10012683005972,1.2820841306903863,567.4529091211855,3.1799309161758984,Clogged Filter
58.464570705028535,0.7632467782363,387.34714648929673,1.6043980870175079,Normal Operation
41.148307601559,4.253361031845395,674.1957092066367,0.10219336102143373,Unbalanced Load
76.51147612768213,2.586655469503436,579.8115218494042,0.044875204470832264,Normal Operation
79.32072783576862,3.930753321999558,657.2466563509902,0.06267092022162246,Normal Operation
51.728029141101594,3.6961211446161073,389.8750199467857,2.4754158676216202,Normal Operation
75.57809527665654,0.983920801696091,342.1566019392137,2.2437190908994724,Overheating Motor
41.41300937270877,1.3920747263020221,305.80917190347924,1.1349006437310427,Normal Operation
67.30536345530702,3.7359466716327976,588.7546136922745,2.1296170911011094,Clogged Filter
44.31985244200793,2.1074392143928438,676.6125725292123,1.4642735622407932,Normal Operation
44.70251241429015,3.626176899393011,542.9656666450127,1.7207988041484357,Normal Operation
45.94112732605072,3.936675043602724,354.2422812852038,0.24484678938827775,Normal Operation
43.443078585329566,3.330758043966648,412.7203393038282,4.7746106776735004,Bearing Wear
73.78291545002683,1.0646513498188943,593.0348979907028,1.6802433952502143,Normal Operation
40.35367910852207,1.3595034169387477,683.9687846577624,3.3486295422902796,Clogged Filter
495.92487619033295,1.5700802404578544,662.627995956519,2.1306412778742856,Clogged Filter
97.42175645598672,1.18954094998322,613.2199603030972,4.371142789619595,Clogged Filter
50.955898640003376,3.8482945356952287,560.0963056339074,3.949476057721035,Bearing Wear
84.83176815911125,3.3987857501646253,479.38530963520793,4.539512453688735,Bearing Wear
50.950448633572535,0.5941876092059761,453.95302108605574,1.4017091305609704,Clogged Filter
552.8765180774294,1.8239745548921156,588.2544897366781,4.011678121386771,Overheating Motor
84.03660857367755,4.655590375346229,450.4004722181933,2.6650036104862713,Normal Operation
79.15991840495231,4.830825087385069,486.04855118467475,0.3314461507409133,Normal Operation
87.4687166160538,0.5840981953076474,476.5112067473115,0.4553895117946877,Normal Operation
71.18733444890113,0.15075424484299327,395.82929867309747,0.7918679270475515,Normal Operation
97.3502039943954,4.242766978821102,481.80227579012285,2.941169639173195,Normal Operation
72.02332510907323,3.6396621042264483,564.8005560195361,4.41937045906362,Clogged Filter
56.52427420462861,2.022298514911505,564.4019110626123,0.40340339675294823,Normal Operation
63.22393918795906,4.837162570016166,595.2777634060667,4.507536584203297,Unbalanced Load
545.3811283565906,0.378338082686433,619.1272820185533,3.4401417721661485,Normal Operation
61.8551355825983,0.22628581837798145,522.1392065380999,4.428178795763439,Normal Operation
59.03713325594009,4.140356018104641,685.2207289480601,3.3437108973756557,Bearing Wear
91.08163149228348,4.207856802948793,483.52938925005435,0.6455727754092672,Normal Operation
90.46676979839171,4.266052138913264,528.1795890934156,0.8427510565824864,Unbalanced Load
54.307579247462385,0.8882561625992957,619.8074769722,4.995786064819118,Normal Operation
48.96632735688263,4.9752933024733785,433.08793908009704,2.1485981852422347,Bearing Wear
59.10358501594287,2.0881827885839654,480.18525553915,3.161651619001416,Normal Operation
539.9000070591885,4.841701851098039,448.7843450725004,4.142489577361078,Normal Operation
47.49645535604178,2.0741755478667696,662.6084060525305,2.2571862213773524,Unbalanced Load
99.94959153593472,4.921815261752547,562.1695381379179,4.1894254073824815,Clogged Filter
50.46445141882586,4.000645404902602,677.356237646444,0.9800840477162731,Unbalanced Load
58.04998464514149,1.0826848390238792,408.4214785523515,0.5693863073472749,Normal Operation
79.14190876276464,3.0187094615668504,520.4127992811907,1.3480315637474853,Unbalanced Load
463.6585952701531,1.3460786279979176,504.6871039891103,3.9102092670284883,Normal Operation
91.46081503639604,2.701050607590786,644.3645166621764,4.324879098824103,Bearing Wear
76.76180235986928,1.4093404691216755,553.6472360831292,0.33831330160077167,Normal Operation
304.48224773919657,3.7259100849978584,608.3427991088006,0.883954398346975,Normal Operation
91.89150812668812,0.28443725521648644,656.2979936132413,3.406635147367064,Normal Operation
88.90507781045908,3.612852020082035,600.5333589970671,2.5421769345284764,Clogged Filter
41.79571489025061,4.229848560221161,363.1600344798505,1.1137481510645837,Normal Operation
71.58692846586372,1.9326225095161504,527.2891140680416,4.358320943293952,Normal Operation
1084.579185598439,0.32866937917919836,346.7724909552672,2.0388699087924325,Normal Operation
55.242050810278286,4.355019526482366,349.4144234761783,3.221490557439555,Bearing Wear
65.14574257185517,2.641859651269306,333.2712808802537,2.4668081032190137,Bearing Wear
68.7122396348772,2.6144744548183647,310.9914505073435,1.6304579468193676,Normal Operation
63.410006285837916,1.792537460396717,616.0195780529352,2.8920789694262874,Clogged Filter
88.84863352908565,3.234648624798193,397.6209230997064,4.4114034779278875,Unbalanced Load
84.13121173264722,2.557458461628237,686.4417075896215,1.53299627205573,Normal Operation
76.6728208584718,0.16455831017902545,676.2233624704385,0.2387902928922475,Normal Operation
89.21109065398129,1.1383925974265041,505.8424127225766,1.6573502256060613,Normal Operation
1036.386138487504,4.334876214227928,549.9281917858423,1.544136557829734,Normal Operation
50.04826013868474,1.719181802109417,536.194610785712,2.460642430059281,Overheating Motor
72.53935050202236,0.066259581194959,690.7553546756567,3.9743324505996718,Clogged Filter
93.50088858616508,1.5462420990731944,601.5839694405715,3.086734625751515,Normal Operation
48.78289190620834,4.5373100514639235,555.8509196217358,0.36229709332486426,Unbalanced Load
61.965077915196794,0.8932014977396113,422.06181600358116,0.38654901564864896,Normal Operation
198.1340686747188,1.9923056843669502,682.1737852807817,2.0611668718140552,Normal Operation
85.93879171902094,2.582099929531942,559.9262920085246,0.2763104222839491,Unbalanced Load
75.91088213547576,1.8756939305278886,574.2696535615272,2.4941975632518214,Clogged Filter
59.46226399725584,3.886464876696154,684.692556646829,2.3512200129571603,Clogged Filter
40.87694022448491,4.118532609650989,591.7768023990124,0.3121338025323056,Overheating Motor
94.31479602277581,1.2882451289841756,542.9260225909161,0.2901138756112065,Normal Operation
78.87689610136007,2.593538461409339,645.8007338564623,3.923969734841684,Bearing Wear
49.694666226577056,3.7432317308081338,462.05231352154516,1.3415859580163847,Normal Operation
84.68010083106029,3.142011877748841,408.60720604880873,3.1167777155766387,Normal Operation
79.59251689828817,3.7826389183836278,438.27288163128674,1.5445253601116375,Normal Operation
50.242613874630145,2.4439678349719736,569.1516127492451,3.902727432550228,Clogged Filter
73.05807767007883,2.4686035244737274,642.391207902354,4.755212132249719,Normal Operation
93.71420399578423,3.472860386238526,542.4816633439458,1.4673353091567458,Unbalanced Load
98.01312364957145,1.6779644709255543,301.7099462217141,4.507014044296866,Normal Operation
79.61757825073761,0.23896957892939774,527.5608862695025,2.6299310644131912,Clogged Filter
71.24315364185775,2.251412090981254,521.2809300268339,4.627589868214883,Unbalanced Load
47.65110858037242,3.692163332364322,369.6830496967116,0.6155968020212904,Bearing Wear
60.50938767593004,2.9138686525497075,393.9602369763668,0.3809380137538665,Normal Operation
76.81089139888735,1.1449026661300494,635.0320383421761,0.2973754540966478,Normal Operation
68.52988222357787,4.057345157466138,591.1126874710017,0.6691302707579722,Unbalanced Load
44.15007056953736,3.7320663689206195,336.5051686608225,2.130669593710046,Normal Operation
46.49382155334904,2.3732411482787112,591.6378911386332,1.5900516968075729,Normal Operation
90.35392847973816,4.493829929584609,553.5426773256811,0.062429974893352114,Unbalanced Load
64.24942692104679,4.428860318153242,643.3859701524811,0.8399775072503096,Clogged Filter
86.8703225546436,3.252439083768101,530.0881417591262,4.368706338648803,Clogged Filter
87.1210775066661,0.3916163457485744,666.020314679905,4.15641732251177,Unbalanced Load
96.14720829337361,2.630176769842853,621.4194607272876,4.178681016428053,Unbalanced Load
83.23138139182942,1.234687139857666,661.8456606191075,3.648357379655045,Normal Operation
52.21224546203231,0.5292139914775962,375.0246590412121,0.2787136460386075,Overheating Motor
58.303080872521036,3.1346934405302256,486.75683731200104,1.8543102827405873,Normal Operation
59.45930078622875,0.9475228685766746,419.0158550919367,0.1750273117118234,Normal Operation
96.64072885843387,1.356802937654766,590.5986341877053,0.0047931186383270985,Normal Operation
393.31822256415177,2.8970624306173165,344.8715189536427,1.4833261092213172,Normal Operation
87.5689699098966,0.6236530465590928,373.2916600696061,4.956686814813393,Normal Operation
56.883394688275914,1.0014001595704407,310.791329747893,2.685465871060516,Normal Operation
256.0879205120029,2.938856636470009,531.392562566745,3.7350926602957815,Normal Operation
71.27655605758764,2.4839951789204227,380.4439619969283,4.422640604545448,Normal Operation
53.1009286762028,3.7077422098684454,311.2220679124025,1.0819943434882728,Bearing Wear
414.94802130261155,3.8866424656389826,638.3604038096871,4.758691636435527,Normal Operation
66.82742103220058,1.4447960173153978,621.6300983650463,1.4135951738405494,Normal Operation
86.2368725841097,1.1342803827516228,408.0300604000463,3.067921125807653,Unbalanced Load
82.29038199455212,2.068233684612068,607.716981227687,1.5580404305095081,Clogged Filter
85.35762699288057,4.595514686662384,591.1705626115813,4.28753483195284,Clogged Filter
63.27522502055647,1.3164240299130348,391.41343639098875,3.9694589195855476,Bearing Wear
97.43444805467709,1.6280144869071078,593.5092126757944,2.5744862024016717,Bearing Wear
42.46786693691031,3.7953363886663545,312.0865896965197,4.669366854232148,Bearing Wear
99.80883958317196,4.417072807365397,309.9543790953011,0.9061927096564754,Normal Operation
80.02716848009936,3.279251350968457,639.5703429844102,1.4146213228796194,Normal Operation
54.77427263888055,2.43175194992319,382.5095294074896,2.5914239856554206,Normal Operation
75.0650206191988,2.6088795870896586,492.3604149543403,1.8478929878720867,Normal Operation
47.51427887767504,2.062363462707542,630.1591900318824,1.2162255205533579,Normal Operation
94.18634103301191,0.23766107855124896,692.2463003150239,2.8262411011356354,Normal Operation
44.844664579218176,3.7053262945866567,538.4057907284241,2.8418535680153365,Unbalanced Load
40.25627900434849,0.7417895735234814,603.8382427127734,3.0685571137433905,Normal Operation
77.78811722472962,0.8225634706290463,622.3804413729504,2.510261580252824,Clogged Filter
42.86299957585924,0.8374370027896327,325.3714734408491,0.04697956861789698,Normal Operation
43.69361780600361,1.4406852366735678,369.7510550416741,4.962879625373749,Normal Operation
49.58708507083984,0.7009097612666987,615.4183503871509,3.587257666826474,Clogged Filter
78.73455200682636,2.3417001024306967,467.703272242824,2.573463817599862,Normal Operation
87.48672028260663,0.10864576413783633,486.12293820695567,2.5528339042452677,Normal Operation
70.97666884375465,4.902545663997241,376.44416597070676,3.9387807148447673,Normal Operation
46.23151205168346,1.1087598431361227,398.5697972801038,2.5672852389852308,Normal Operation
47.45259476917029,0.4242895075978831,350.93142592896487,3.556545048935214,Normal Operation
59.52407947334202,1.6038560831385755,344.98534054282305,1.1284902301967654,Normal Operation
71.21864255141593,1.2055130067267132,326.4237190495187,3.982494563149286,Normal Operation
74.41736389135298,2.206405388209161,452.94904663356897,1.263462400312298,Normal Operation
834.6572571794006,1.7641424707854565,517.1447000066976,2.0295801986464608,Overheating Motor
67.47458693334369,3.7668531403346375,405.7877348533358,1.338224345496457,Clogged Filter
65.17639645908422,0.25441016111995063,473.35412704244874,0.1611075334031803,Normal Operation
68.95201319168442,2.406245005681638,340.78219379676517,4.0817381109810285,Normal Operation
62.150415505925466,0.5457895683861458,602.169784983085,3.725801940433058,Normal Operation
70.39840889694702,4.748776939066369,495.11209731257475,1.40607788096395,Normal Operation
257.2698790657312,3.331363747716179,685.2577280339267,3.9032719119493637,Normal Operation
59.76390024597672,3.2698576850153427,351.4217474626797,3.671584055794501,Clogged Filter
99.32441781442284,0.4713142599805392,605.5391475721124,2.3291237168558214,Normal Operation
55.077637193499186,1.3653074292601186,303.09752411915883,2.435288438860001,Normal Operation
85.8873863984817,1.3018836410430557,685.3045013614176,1.4022892253523345,Normal Operation
82.91532023970191,4.853596915890687,535.6158158734407,4.703651266796724,Clogged Filter
56.53110936430786,2.8285929773061897,422.38237559982804,4.8358278874837355,Normal Operation
75.68346582936803,1.6751460304115233,358.37455796218285,2.71987623900672,Normal Operation
83.95267414117026,1.9550534500568366,320.84648622530653,4.466709371618002,Normal Operation
82.07373008745242,0.47478030473304955,583.2520303861545,2.235752822804515,Clogged Filter
99.02733512430729,4.335912693669957,350.4554752116695,1.699841643994135,Normal Operation
63.08530771783664,1.2035138489713941,570.6327993178699,1.554644999881506,Normal Operation
84.2524663718892,4.207423694169766,571.1871136985551,1.8899809972749564,Normal Operation
79.54881521470416,1.739255102146227,590.5224358062219,0.2906354769663111,Normal Operation
68.92709512909803,3.7637058277071156,390.2788037933786,0.9084502349297524,Normal Operation
95.56317699416914,3.56410994731797,406.05506331658944,3.337550676268731,Bearing Wear
85.3356122880273,1.0620805805292326,387.46544473505753,2.0928966641535753,Normal Operation
85.26649187471521,1.6089871633615072,387.14310126934447,0.6584058841824636,Bearing Wear
98.16718572060478,2.6324478228507653,477.9157868184632,4.853651367191055,Bearing Wear
96.67142845988906,3.4432186286000688,416.5658411905463,1.6428246697717375,Normal Operation
78.25099949225404,1.4227609428436243,494.0249742547605,4.199618443823514,Normal Operation
90.94484992755255,3.7464414313220877,509.8314191285998,2.15820601989855,Bearing Wear
79.62707682815184,3.914797862871141,429.45103279679796,3.149119504595414,Normal Operation
62.9509460518675,3.466278979108248,558.0764960250383,3.3933771622046667,Clogged Filter
51.83625595274518,2.0197820286855874,698.3066971772855,3.082053117841577,Normal Operation
265.0455637165039,4.980057900670953,666.0822175125465,0.9881809978348205,Normal Operation
62.87724779546047,3.8855775716843692,503.06852473790104,4.441859043182655,Normal Operation
95.04450213298212,0.09638751346087326,409.001692714842,0.5230384939425298,Normal Operation
73.33684033787713,2.143395992253789,452.03070124159467,3.1198043381617637,Overheating Motor
58.39710407249483,2.4462255543869675,581.3617531320333,2.0624488862278474,Unbalanced Load
58.38513021707896,4.038858565486191,478.24229725223887,3.2258659171177895,Bearing Wear
64.95184487704421,4.987898988701123,644.7003491619205,0.15727534385855113,Clogged Filter
71.74880959313559,0.32111220907263593,524.0371357468232,4.339451680738563,Clogged Filter
63.26952044069188,0.8752436737898106,350.8975194111337,2.904740224094367,Bearing Wear
1297.8406718701153,2.1153290259024473,474.7714548601274,3.488181129308095,Overheating Motor
617.5368954110351,2.6633380341823534,579.2109781706251,3.1396983494758395,Normal Operation
92.62401644142206,4.9431694695975565,457.6109649320417,3.3451125161375423,Normal Operation
96.72751169619039,1.7937848847438582,636.1494632133217,4.622677044583823,Unbalanced Load
75.78965746348067,0.9331373152598821,542.1955367847947,1.7434134589919181,Normal Operation
74.97217743673181,0.25624508083480213,398.5093235483685,2.9373130458743075,Normal Operation
78.92289181157278,1.8305158923960518,382.9988907556079,4.146065460547105,Normal Operation
56.99730410292045,3.3436135716845445,581.8443496680268,0.4393645884301073,Normal Operation
59.482251878630365,0.6693074335483828,426.5640911290022,3.4176566235159607,Normal Operation
61.00239277667398,3.1765060618580456,602.2742542647745,2.842378301316753,Clogged Filter
43.40786074441356,4.746969387560299,532.2170661009407,3.556186065779886,Unbalanced Load
54.1390350997494,1.0205111626872176,310.8039489572965,3.2820388843398804,Normal Operation
87.64612259301549,3.904428753223406,696.9949587312316,2.06860163103894,Clogged Filter
70.26170648634738,4.485212179186211,437.0976846702847,2.926716997357277,Normal Operation
53.55046548826241,0.4057324453545552,576.8242077248265,1.3789983549443785,Bearing Wear
60.87822710608827,4.990617780451122,642.382583929088,1.9984730185262023,Normal Operation
95.8794248284172,0.5072141772271715,419.57385609555683,4.592960600783489,Normal Operation
87.23051701930027,2.6510214680572153,408.14645105511426,3.2134183653701016,Bearing Wear
74.09952395376735,0.4259781738904411,431.76930786547115,2.5369132227872795,Normal Operation
94.61605380014223,0.2797850760665799,553.457785451623,3.6257892372122873,Normal Operation
56.429753218149635,4.703209647100101,429.3498911013777,1.8717106647630366,Normal Operation
74.09678595866677,2.4907018757939148,326.61754742078153,2.661938252614732,Normal Operation
90.33365970589907,0.7628989992223378,688.8439805543389,3.240385591081565,Clogged Filter
638.4578726024394,3.3623170399751237,647.4242622654957,4.404845578589489,Bearing Wear
41.914564359615234,0.6717039688336879,591.0034978166013,3.306120372660283,Normal Operation
1562.9451450633314,4.132840807406659,664.091045223285,2.295839066455971,Overheating Motor
97.66310945686098,2.8269997548886217,699.9707784938826,0.5148007631627122,Normal Operation
61.23473613137917,0.4676752927259131,330.97763870112624,1.3608398270239368,Normal Operation
68.35406006416527,1.1188414033724048,609.5768603886413,4.70355726989732,Overheating Motor
97.81949489918648,1.2203427876894357,639.9151676558492,2.486012596490051,Clogged Filter
80.41698106568988,1.1518162235818301,448.7912823567167,4.4746832261866585,Normal Operation
70.11733545353351,0.3137005337676574,480.2921552737057,4.821383295142904,Normal Operation
67.38341335635448,1.7644482259117695,613.2673751238117,1.2624519916053745,Normal Operation
81.78479408298165,1.319094586195722,554.2000008659535,3.209335168146085,Normal Operation
55.38799160831956,0.2793101414569671,699.061535976211,3.958095498166108,Clogged Filter
91.89658177222967,4.33530310254986,325.96314161605534,2.158778621765054,Bearing Wear
65.62713019047382,3.646599006449228,502.09702017196946,2.182281423207864,Bearing Wear
48.04182562239596,4.195259690003505,343.43092809988,0.29075701615128513,Normal Operation
101.31237372990351,4.685329617034162,612.0763905288466,3.9920855950537026,Normal Operation
92.6905874154427,2.6696391320722697,606.2625845526966,2.0404353014457537,Unbalanced Load
44.67275534949094,0.732323100896764,319.6782549963747,0.8366101767806178,Unbalanced Load
567.378066264081,1.3083126633552582,351.9829282315548,1.7280066324150605,Clogged Filter
71.5777580387329,1.1060710533602658,553.2440580649903,0.32460285496503927,Overheating Motor
90.30771627568595,3.0061217477444475,513.5054377849879,4.849311496492865,Unbalanced Load
97.3530775086264,2.252754427961201,357.59298568938834,3.9948716593247404,Overheating Motor
48.83822076932123,4.630844006279307,670.4335992051188,0.8397436060925118,Normal Operation
55.88851321553677,1.1128274511043008,696.3427800904624,4.767237886741968,Clogged Filter
66.70063774562799,1.4742276014142415,698.8488912598048,0.04790194536797132,Normal Operation
59.30823847033034,1.622286217362909,646.3043911412033,2.1045043828346346,Clogged Filter
62.676826383966954,4.42796166084869,656.5308614584796,4.471543386351444,Clogged Filter
46.8631221601882,1.9492231545434073,466.4280803807095,4.150483547398703,Bearing Wear
88.37982633687422,4.358414035953943,450.3210487289818,4.86621554737458,Bearing Wear
870.0297957063299,1.3458784432164939,632.4036568296796,0.12168007721461371,Normal Operation
55.54119434429537,0.09114980055599131,302.26844672971663,4.343029545452557,Normal Operation
52.79055387367846,0.4522035644038025,399.94849144814793,0.6051401218286961,Normal Operation
74.20724649257176,2.6585058415677127,387.65050209409753,4.76449992248467,Bearing Wear
85.32143196534703,4.243466885516705,459.1197292502162,4.982742225692226,Bearing Wear
51.11694852876354,2.1766884454764335,569.7605985993255,0.38502881465122096,Bearing Wear
92.79185524933519,1.9266987945724505,400.2153075031879,4.13314251219144,Normal Operation
72.03459501929035,1.9663404409586933,491.20157056576807,3.002795296273038,Normal Operation
95.42280126321748,3.1232549098580304,539.1165798855533,2.7673393055329343,Clogged Filter
285.38721185213285,3.3812303186321655,515.9293061371145,0.5941108738674411,Normal Operation
99.64013261170278,2.8841173805732714,692.7242656829964,0.4005966489987062,Normal Operation
41.57317131840149,0.7827591106921539,678.1452612703404,2.429519299948134,Normal Operation
81.95611324885925,2.4895835234998436,682.6986436575452,0.8908788690680913,Unbalanced Load
99.39783257284532,4.718103245622399,573.9215950647994,4.414742402992315,Clogged Filter
89.96305393530052,1.1333928466407968,637.7726157069187,2.624900304912358,Clogged Filter
81.39364977672395,0.8547505204479872,415.6541893329902,4.89025128933496,Unbalanced Load
79.72501638809464,1.2157624343712026,350.8590183757094,4.772843366460382,Normal Operation
61.227257740040415,2.9432445156181752,594.4939366034317,0.022942969965370485,Normal Operation
55.77447650485901,0.017145573478736797,332.33285563748063,4.944332852729892,Normal Operation
86.67150795494499,0.01117102660552094,600.145175454344,4.623899071259,Normal Operation
47.96268702645017,4.8099296996183,660.028658646058,0.2276416650360258,Normal Operation
86.42926191071516,2.047565797530841,559.0202813496488,4.155098075912998,Normal Operation
50.87612445205534,0.9964566040836087,374.95478394682743,3.075600548656669,Normal Operation
98.69773134359629,2.423873174768021,578.489020433248,0.7310494360644365,Unbalanced Load
63.94569887605163,4.294508469621822,508.3546904156721,4.261288617955839,Normal Operation
1511.9241043686598,1.993280665908352,313.2161532985241,3.8566716379726786,Normal Operation
83.87859302908382,1.286648658627068,532.2757619815216,3.809190912698146,Bearing Wear
43.85749127264085,1.5896384519908258,584.4462628673766,4.553064792694923,Clogged Filter
71.3556469759986,3.532643253587012,665.0497429499848,3.977743612401687,Clogged Filter
61.556970080976406,4.654092452078028,608.1416049478105,0.6406178365089166,Unbalanced Load
48.79696515901425,2.5871078321459033,657.5020285457301,2.3568456039292167,Unbalanced Load
59.70601232124966,4.871156271535809,378.8970853265987,1.7162517053090387,Bearing Wear
64.73842759120767,1.5830620720361555,598.6143329814793,0.41454760598788276,Normal Operation
91.5939650317715,2.5627705208096923,377.5722927180069,3.3610156463134326,Normal Operation
67.15140770952492,1.8095167173547333,577.3180131551892,0.6706702227662398,Normal Operation
44.22970339820213,1.5074907560586652,302.6765858537397,4.0185223008729825,Bearing Wear
66.63547847999939,2.1973510491264454,581.2070069342743,4.43323260595384,Unbalanced Load
46.13674170655007,3.5713446670408038,310.27430358437084,3.0492778652340276,Bearing Wear
90.60080033469059,1.61093883033827,349.15565599805336,4.306775015951426,Normal Operation
66.21944414161794,1.085316508007876,577.1033304211298,3.518199564642524,Clogged Filter
54.77232622087912,2.6925431619569586,628.3023743155413,3.18734549874105,Clogged Filter
59.94710965750621,3.567035458599283,580.0146144140022,1.9988361471962846,Normal Operation
53.36725870024323,0.004631386550140171,566.3757950377646,2.9717095397944644,Clogged Filter
88.68457614158915,2.180518154875837,405.63226783376695,3.0103805209832672,Normal Operation
50.72950375792729,1.223007927815834,476.6519515173013,4.588689804894723,Normal Operation
84.44620800807311,1.5978607053214415,457.7392633934302,2.8556342310372154,Normal Operation
60.952315809290425,0.5322947636816461,684.0656419574035,0.03534331818525749,Normal Operation
546.6137239280711,0.3517796318828703,619.222426306141,1.2437632928517002,Normal Operation
67.569830243183,3.4663573804787773,632.9046229505146,1.9150757492947146,Normal Operation
79.217872566555,3.74304386135224,593.5752240360057,3.362860159543686,Unbalanced Load
96.34951773136865,4.467388624411093,665.3181978143355,4.5504539381706985,Unbalanced Load
90.09653162396222,3.2756825064714,303.181170448371,4.6301988907691225,Unbalanced Load
73.11857673516437,2.020316153714349,648.2534673397806,2.1151733301359976,Normal Operation
68.0449480916796,2.65719860344547,524.4424647366649,4.84534321765071,Clogged Filter
46.94464087208991,1.7264844720585475,342.95781151848985,4.638363860320028,Normal Operation
40.696319141136044,2.8450032563160454,383.33310622353804,1.6216296141463067,Normal Operation
96.00818549007002,2.6726181809716447,504.51098328701187,3.3105374200534103,Normal Operation
358.96801755471483,1.5535126849027008,688.8903886489804,3.835763714008966,Clogged Filter
62.04012225518812,2.037358349331966,406.3236744675951,4.643020088552442,Normal Operation
761.2118806119721,4.886636344186433,436.8564086058978,2.939534386356471,Bearing Wear
49.233352774455476,0.9594537967118982,590.525115448203,0.7956649273601929,Bearing Wear
92.40857814333822,2.9554459857028625,513.1124450075929,2.7800341582032932,Bearing Wear
60.78797121583227,0.5166566031804959,604.0164613984587,2.9777538885325145,Normal Operation
95.77821979423575,4.488859824703225,427.9977736290626,3.2607326292851257,Bearing Wear
69.35255597523893,4.014683748237783,616.4074413335529,1.3976849980835109,Normal Operation
45.31907212729873,1.7220583644892817,370.9793948370316,0.8357009327805531,Unbalanced Load
81.40675352383971,3.279562624079482,516.4761668732242,2.434262617901184,Normal Operation
99.74105704607706,2.5425176813240236,368.3639490801132,2.104493405738954,Normal Operation
46.6148799788605,2.6092547969803026,389.16245923273357,1.629224584875898,Normal Operation
45.45482668222591,4.13881332030447,587.9274236253827,4.095889182353055,Clogged Filter
44.67493795954488,1.0400560434794692,680.3911724122163,4.563800053090478,Normal Operation
74.97289529502066,4.128274289329086,487.2013716733404,1.0192697107390503,Normal Operation
80.67893823831837,1.451253755594254,509.3525186402839,1.262194306049873,Normal Operation
65.06430632736053,3.224632955625379,459.7831507279161,3.336007792335015,Normal Operation
86.93739490724334,2.2188284582187165,381.63026612371686,2.3201552500442784,Normal Operation
98.08741585087878,3.2590653865846053,668.7021160864149,4.664551090167385,Clogged Filter
72.26406290385681,2.8471875502641324,336.6258478425179,2.1794206717796047,Normal Operation
88.24886488291068,2.353210778964117,585.74682578261,4.178100380699167,Unbalanced Load
56.400561601878316,2.6858720733156933,408.4408719887338,0.7512759844717948,Normal Operation
91.51140834257521,0.2354688912937647,699.8791530101976,4.686879935198973,Clogged Filter
76.06728362282388,1.283418539939452,303.28419113810475,3.885419392948414,Normal Operation
1586.032344313866,3.6187381310395788,664.652237516112,3.677018541307186,Overheating Motor
1437.3421187968527,0.5492792789717121,580.1414687108556,1.7712310081076554,Unbalanced Load
97.87715808656205,0.856875748759946,355.3303409770883,0.9319132286104798,Normal Operation
44.89286758562304,0.6948603991086177,614.6955632573474,1.3768387737368566,Normal Operation
66.19697525964786,2.627016035213083,553.3452677326268,4.2536663702134225,Bearing Wear
78.72044431351122,1.952439123069682,450.2532497255602,2.511415059849182,Normal Operation
93.40272444916457,1.565113483936813,562.9439443213197,2.381108429695124,Clogged Filter
90.20845639766162,0.904330028509927,416.97653469431236,0.6915489162727212,Normal Operation
91.00769007692784,4.098057778653173,518.9010865982316,0.17327282952469658,Normal Operation
75.41207460176852,0.19721537737662553,563.7246633900128,3.5482162372294446,Normal Operation
95.02680361824353,4.051190620035442,316.1242876483917,3.460547419276057,Bearing Wear
48.9908687761115,2.9404417978196107,314.750211152847,1.8204888183090602,Normal Operation
77.56889227039983,4.827264244211179,692.6643135675129,4.226135028356869,Clogged Filter
880.0695822150184,3.668846523219193,446.1752256917747,4.974567651109826,Normal Operation
45.85960392838086,2.4892299180866613,355.05909123589674,3.6832833323246676,Normal Operation
91.28746347553921,2.9154300037506236,623.5742530855493,4.979619570576913,Bearing Wear
71.05912129621144,2.598624212239271,668.4361887285309,4.451670325725377,Clogged Filter
72.83873715037771,2.024584778428742,662.447656727152,3.9011090171675877,Clogged Filter
63.16237447977453,2.566691960431039,589.2592792253163,0.9875373896524908,Unbalanced Load
96.19156510776193,3.5774750686534977,686.7363303769821,3.812632270719151,Clogged Filter
58.698601890684444,0.2145670689624496,540.4446640236739,1.2072724668423218,Normal Operation
90.68976025685652,0.9844950458733148,675.0372504423029,3.5118969168798597,Clogged Filter
71.1844072095156,2.9095898100839346,626.8436319397473,0.33618671154550306,Clogged Filter
53.06137495827835,3.4949444108103256,398.8158828585682,0.2399121146511901,Normal Operation
747.7006796325829,4.154129342985586,494.8567989132914,1.8702388006059567,Normal Operation
54.91890266906738,4.2110004970756805,644.4493381866687,0.9514112344673459,Unbalanced Load
324.27976518360686,1.376391312541082,457.0382759681364,4.152376062724144,Normal Operation
99.86655219343794,0.3070282075089886,366.22605628605453,0.23935617057237235,Normal Operation
91.68106862942008,3.4759622396341294,448.9549065116557,3.3432863268083413,Normal Operation
85.95128089800231,2.6029242572172957,662.3167319932211,1.6244273981188866,Normal Operation
94.47195363750099,3.3387310883908636,446.3264410323877,0.23948201591631968,Normal Operation
62.24359322833555,3.5182176732666677,516.6922422626596,2.3097875949850737,Normal Operation
1234.2461827306433,0.7997965870046098,658.8131768242173,1.8828513560512206,Normal Operation
94.12275135340175,2.3125790639316133,471.4780762953342,1.1231122585677316,Normal Operation
61.83665195597465,3.139918167092218,603.7388682152388,0.6030413878279434,Clogged Filter
63.76158248797806,4.251394131949394,491.2454379828256,3.827574662050478,Bearing Wear
54.34979998923387,0.9747919897435092,524.3474654129905,4.7589220463338595,Bearing Wear
87.92211490734006,2.272376187832733,413.08320913601403,0.9303190298728403,Normal Operation
92.75271681291011,4.89047274291128,455.948415443363,2.736199658949242,Bearing Wear
1379.5316401237703,0.09911086921446155,571.6019118750256,3.4241745365673215,Unbalanced Load
69.39339468834254,1.4956344872777816,400.11079836003296,1.5430862020948184,Normal Operation
66.76721200534269,0.9550793406972857,533.0132646862517,4.314050242155571,Bearing Wear
99.88434289304892,4.571648363683824,603.0850586345066,3.934879522407546,Unbalanced Load
73.06453234353862,0.22053183306609658,392.70789929564484,4.2522344213867775,Normal Operation
55.46938591158931,3.1188832997851357,385.5728033562674,1.2528953751367515,Normal Operation
1118.5700078973837,0.27729906570908236,562.8089200857368,2.286482322916849,Normal Operation
72.3173864147196,1.8442374271368407,367.1072409841629,0.15840530172467338,Normal Operation
74.5037144321984,0.5412382377661124,589.1912779462723,1.8633503281742496,Normal Operation
46.17589263175702,3.545106030296525,500.0249100005826,3.1213528782634277,Bearing Wear
54.407031373588744,2.4826017036382044,696.3412728414456,3.519698144233043,Clogged Filter
75.22424613120134,1.316610444469088,543.0559454136708,2.2659026150529455,Normal Operation
45.188962620192946,3.739450402889247,363.99450250532107,0.9135607019275593,Normal Operation
79.45333776549069,4.114869353892781,546.1785489486065,4.8626383979947665,Clogged Filter
99.07622209339792,4.3701956345273185,617.4949359622638,3.7932730010043225,Clogged Filter
55.01273520235141,1.9959041462712963,376.3817469778199,1.1259498641658356,Clogged Filter
59.87859183392129,4.1549455003259625,429.4727832361011,3.6877072873771457,Bearing Wear
48.14140774648662,4.974546894084043,517.6323915526216,0.3597699701723661,Clogged Filter
52.9562460330882,0.5274310260832366,691.4729177786878,4.7741672981067165,Clogged Filter
71.05491951391693,4.400911031715038,626.3587475740009,2.283931547641865,Clogged Filter
61.948828608649734,2.887722275664239,369.57584622605157,3.196537556006172,Normal Operation
49.18208669849068,1.1314252219656922,454.1752572010771,4.470705958863212,Normal Operation
90.13432695374553,3.155532553262197,550.6037442296288,2.297646966933872,Bearing Wear
73.29048603856648,3.2312245544697844,529.3463674147338,1.1536085872700619,Unbalanced Load
84.82220581689988,4.0791018861615145,533.1590734628061,1.101155414625949,Normal Operation
72.42898465881332,4.6004458635685195,420.08987987603723,0.2149629362409139,Normal Operation
94.64552329460918,4.2915936884997326,492.06794287255576,0.6540800164147054,Normal Operation
1313.402450163337,0.7826409582126431,574.7061570480423,1.755661989596945,Normal Operation
83.95560539515886,2.875225008081096,377.61212620950505,0.0630620182495012,Normal Operation
72.81390981095045,4.135559455864961,608.8559913055842,2.606462146890644,Clogged Filter
80.58812160355433,2.5896041989236274,541.8559251037661,4.838981121363126,Unbalanced Load
78.94008037580149,3.9579021557399354,389.848546616943,0.23396855386918824,Normal Operation
68.29662540849803,2.7781285388997823,366.217916927458,0.6430155467738768,Normal Operation
61.291921917492445,0.7424104856194741,590.3113925448422,2.859201798772411,Clogged Filter
82.99497586533843,1.3031884809345256,351.776736577001,4.093420138321923,Normal Operation
1518.0736329792228,4.284587856040771,500.48394941125014,1.9027930795213472,Bearing Wear
68.18498991909465,2.62196858114303,470.8927435389006,0.17454972843889138,Normal Operation
93.9416447074182,0.5159077548235635,302.4352040552009,4.967660521539601,Normal Operation
465.0726282628416,2.3116516407251813,523.6180184646597,4.71564654905559,Normal Operation
60.83192389907805,4.394134807450259,445.76280395034144,0.6569514542291233,Normal Operation
43.16287739094267,2.667853067474396,632.1415042086467,3.578813902823304,Clogged Filter
96.44772364261523,2.219785950923951,581.084235110056,1.4468349595322383,Unbalanced Load
1310.114452984364,4.023667257591112,466.9573811457048,4.369866813376287,Normal Operation
62.208083962305,3.737264049453187,521.1936545776745,0.0903845135258674,Normal Operation
46.770715032944864,4.577528227052216,346.49645930749574,1.8017174781810008,Normal Operation
65.46776016854274,4.67636011809741,335.88829109361757,4.0173042124757945,Unbalanced Load
66.68682723021776,3.0811400708288312,446.7220104612056,0.5390020735376683,Normal Operation
86.58495482599244,2.880594159653689,373.66366990060004,3.1716941387773874,Normal Operation
81.03905526084519,3.7857834414386677,317.08921871823816,2.5297348486679407,Bearing Wear
74.33438030520938,3.765411440813349,328.8556570498674,2.310789476280716,Normal Operation
98.80914237234813,2.651889687598821,332.9650301310835,2.946676174501206,Normal Operation
55.48360668209073,2.6002008698716987,647.9767416159079,1.2965720596694736,Normal Operation
75.6352841685354,2.093989872105978,313.93730225008954,3.9709774883579794,Overheating Motor
91.99184158877222,2.6472224297063978,606.7863838346982,3.786107235724576,Unbalanced Load
1360.0857767540078,0.25760979270213313,315.04125938494496,0.8248045596950243,Clogged Filter
959.6365209689517,4.7925386867935185,414.50053602022217,1.9784928015953689,Normal Operation
79.09412728140933,3.433826606759058,521.9199082545701,3.428703749798836,Unbalanced Load
65.34779681604448,3.527111481203689,375.7166105680425,3.3845883756032125,Normal Operation
69.57007912593009,2.8734179018968424,590.0147699394547,3.4873082186206132,Bearing Wear
90.6186920374848,2.4442575149169614,409.0412402574949,3.9135420444435502,Normal Operation
84.38880828379192,2.532371634809714,501.0922905648881,0.673111058838306,Normal Operation
56.17636842241399,0.17488859934713497,474.68279125503324,4.524222948270001,Bearing Wear
44.97323363556356,3.667037899320116,627.7313212386174,3.941603175579554,Bearing Wear
98.5705751789277,1.3140379367155348,678.1414018573556,2.368982091736394,Clogged Filter
77.39895602342351,2.919966260955689,360.6540975688248,4.423620001390451,Normal Operation
63.433849379115216,3.886796863395362,481.50329101566916,4.080916157928421,Normal Operation
1371.798740914398,3.7221546510527097,464.9296149326444,2.746458711910673,Normal Operation
913.1599941440462,3.9297491921841314,481.07121198642204,0.5136641800145975,Normal Operation
53.256939839427076,0.47981990357395643,591.043534242211,4.284372947285346,Clogged Filter
1605.610500038203,1.9046817285602735,429.5020857734674,4.851692811335987,Normal Operation
91.28614845799063,2.116286808934253,356.9138354794495,3.18008006134988,Normal Operation
56.0698166857941,2.0924491744671876,558.2321335902502,1.883680192593179,Normal Operation
87.4916600375943,3.990508561580551,486.20608416766316,2.064885125822987,Normal Operation
91.77222451675217,4.107011922270262,645.6197753535816,4.53479784459561,Clogged Filter
56.834325549233625,0.017615285525492963,623.6475507343757,4.622921342164511,Normal Operation
56.40561092537295,4.881220733986,413.67378740095694,2.403965199722541,Normal Operation
840.1016048055842,0.7855668561947976,374.9935328505261,2.997228114130086,Normal Operation
67.6784811256291,4.4284153702697875,652.4556103061086,4.840843834519169,Clogged Filter
78.81472668079022,3.704419851222883,691.1114338174193,4.974597354350994,Unbalanced Load
67.67781011086682,4.148098812841029,508.8966555705034,1.354130253963054,Normal Operation
78.32663741426711,2.5534492484531386,346.6116322686115,4.87619485294637,Normal Operation
59.86808981676387,3.5843801894663367,379.9524183695125,0.9347673862951444,Bearing Wear
84.6534402099568,0.5979901505858587,512.2680272663356,2.1038618304955903,Normal Operation
45.204196000870645,2.2898296975665606,587.2948346311778,3.813718856083806,Normal Operation
1586.0334379993874,4.875801465996085,427.8243013778903,4.532497958050998,Normal Operation
99.63795320018984,4.153797284043269,479.8379285013418,2.63668672912561,Bearing Wear
73.8650874021281,2.5128358685546233,491.9762828984723,1.8084733655701923,Normal Operation
55.21904427448184,2.3180527709156786,646.0386069759465,1.7540714223179221,Clogged Filter
45.337207151225506,2.0688543956293977,444.17674381045117,1.5420567546460946,Normal Operation
57.06798036219576,0.8389441759261879,431.24618880190235,1.2866232922788379,Normal Operation
49.71634031680233,3.035384423148858,683.7134344101119,4.908001522615625,Normal Operation
69.66727288421214,0.14827292578935725,313.319829987513,2.05096385567151,Unbalanced Load
71.50094315149371,0.02754244811412898,361.34873461478185,1.4850518289162635,Normal Operation
58.41167168512938,3.452952923689721,404.76055945340914,4.894053056154136,Bearing Wear
81.05159090138949,4.286545482051371,672.1596101853544,4.920565913374323,Bearing Wear
81.47867867954596,3.891403159522688,351.39772143449227,4.273856933114504,Bearing Wear
86.07525939500769,4.353008273350777,320.8840892337412,1.675076003074805,Normal Operation
92.70738521110715,2.8527195420813274,673.3408181715392,4.640196955209011,Clogged Filter
87.38091853473668,3.543045498207354,445.4425376598561,2.9321186470547813,Normal Operation
40.437420711238815,3.6143102972574512,425.51764660541244,1.4466889125887876,Normal Operation
91.94316888222792,3.986829313645441,337.5191801406382,2.7630643920954565,Normal Operation
86.55659066059629,4.690183259694652,602.1055594447023,2.7147035541623104,Clogged Filter
51.51917902967763,2.2304284947527995,455.993556730832,3.715175037147584,Normal Operation
56.43888818832589,3.505261513452737,469.9406641964887,2.096924666798419,Bearing Wear
1654.5406651297867,4.850942778105903,563.8739146567347,3.6664947740815377,Overheating Motor
53.41653232255736,0.5187185683005585,608.4638018422418,4.036399684040422,Clogged Filter
811.3891100112645,4.743381466114829,306.5068292509618,0.22926145301331746,Normal Operation
55.285858148092736,0.40485466693484407,351.7736170335779,0.3423841947060313,Normal Operation
78.32860534828879,0.5153759774347172,627.9078438842078,1.206291411022102,Normal Operation
71.66602338682083,1.8564613416873326,615.8025764891051,0.5663988631972533,Normal Operation
1691.6410985378395,3.584117628129737,374.3782222063845,1.55613423752752,Normal Operation
981.2617956050353,3.3481014949357455,526.3370718887993,2.8104274080934015,Clogged Filter
65.75920803448906,4.747076982822077,374.90275144721056,2.1175958832129687,Normal Operation
70.84691948725327,1.2582565860927692,384.78226498987965,0.024073198335481383,Clogged Filter
63.49780828988591,0.6093045764185778,383.1370290451282,1.032825444803227,Clogged Filter
1085.78094628689,0.28938046443907905,540.1315721348003,2.605797332851274,Normal Operation
42.48950625764624,1.1217750115311653,368.197201032315,4.26467560332284,Normal Operation
75.36042768804988,4.073441161047196,524.6315041471711,1.998235065868326,Normal Operation
80.11443405287649,1.3163350990889828,385.83326239544203,0.05154359276621334,Normal Operation
51.29089690144545,0.7971484817456259,538.1242810349702,0.626025882780778,Clogged Filter
91.61050372640838,2.9225683695505094,551.0405443125228,4.30344510414449,Bearing Wear
51.517804146319556,2.5911816457440184,665.637797198119,4.951064541167328,Clogged Filter
66.78436526387992,3.355045881203681,340.35317521881444,2.4292705888491586,Normal Operation
51.211947126030225,1.588204399402931,405.4124927484455,1.7685942776837804,Normal Operation
40.94962990794799,0.041700026425962045,668.6427792219737,0.1999849776213275,Normal Operation
78.19654784341779,2.914860765370161,322.5363187628437,4.001255351171723,Bearing Wear
77.06999498533796,4.171585637252339,397.29457873866966,0.5271823506067658,Normal Operation
77.32005595276861,2.3981773519084753,311.41290413275567,1.8080769545398407,Normal Operation
69.88927601521198,3.004024710128868,306.7768847749381,3.18065611495093,Normal Operation
85.7598194941129,3.56954482444105,326.302194197983,3.0128366758872915,Unbalanced Load
92.76152644824678,3.990648096598532,559.3496131785013,0.9881011923399752,Clogged Filter
97.80416158137226,0.302856330927907,649.6558456627664,3.6184807271184836,Clogged Filter
82.64788926792497,2.530947252338129,564.8849335060836,2.1270074653972095,Bearing Wear
92.65238093339791,3.8093945682464088,456.32522661975065,0.7708318971539957,Normal Operation
94.42675492341276,1.2676095726909309,555.0145574158269,0.26113195826253044,Normal Operation
66.18518326129843,0.5157713421911886,589.9693878322843,4.412718535323675,Clogged Filter
588.2863196829754,1.8207041169842757,550.9842811339033,3.5846451501247683,Normal Operation
61.80787143438023,3.616573588632975,661.7087855852436,0.6049208037472631,Unbalanced Load
73.74205297953492,2.767253575193607,674.7377365175321,1.4363043953655596,Normal Operation
87.5343575969974,3.635852329251855,333.94990608954794,0.010478181144221166,Normal Operation
78.28473323435757,1.8745249503585732,382.1838506788182,2.3906503618943424,Normal Operation
896.0056000128545,2.2092881313004886,602.8080883393905,2.8347405924341635,Normal Operation
59.157005488289826,1.4842927374489197,390.0485990467472,0.408739391278517,Normal Operation
78.87393433950136,0.8916715441768208,652.4891432033364,4.699964374364047,Clogged Filter
64.38400012735536,1.7732797021514939,685.4691398073779,2.450047405541356,Clogged Filter
50.17760989455592,3.2742419187860943,678.3830223230252,2.740338819910817,Unbalanced Load
72.75067687827121,3.261323452093212,587.9815233673868,1.9207019443848932,Clogged Filter
48.32250365375612,1.1495367447360345,475.0245044090568,4.260814717840209,Normal Operation
51.26736126153666,3.4645147024831617,326.5622656623729,3.22895967911067,Normal Operation
41.78946873381074,4.646355279284633,353.4721871564388,4.344486015651073,Bearing Wear
68.57965726363685,4.022154961839859,586.1382108706871,0.6747820401548699,Overheating Motor
76.36548012909927,4.539373028712481,600.2886182195039,2.0289528554810228,Bearing Wear
1526.4351646964312,2.1061523478548185,320.3849868291609,0.1438017616444992,Normal Operation
49.08496767090597,3.635786916912137,633.4924146407834,3.9691940182821033,Clogged Filter
98.62488978295809,0.13542457167777688,352.31528966320127,4.562403705980534,Normal Operation
624.075573020324,1.7136776813737054,472.3353784983958,4.145356625538344,Normal Operation
69.6268036932167,4.691288511339682,485.0042068652193,4.682463411821953,Normal Operation
72.04742879588827,1.582686997617075,390.72486509178725,4.9402237444087636,Normal Operation
92.35259439196938,4.553947602940282,535.0457012592512,1.5709702213271988,Unbalanced Load
92.9969938056461,1.0818672836013437,404.1938423411211,1.2812593221922386,Normal Operation
46.61306202133385,0.15301267805767738,600.2982583787178,3.3540650742157014,Normal Operation
73.12414002537437,3.1198109218938614,497.6426723332659,4.830254903792009,Normal Operation
60.414402063857594,2.90555510965489,425.3385070156031,4.507346082550314,Normal Operation
92.22655032981103,4.981507741445651,605.4678095576855,0.24402996759299245,Normal Operation
41.35168404025084,0.3706143438975851,373.09946650685373,4.934841841547708,Normal Operation
53.49636644313047,4.67657457285508,541.2883096237673,2.498531480798618,Bearing Wear
75.35086135723688,1.3588541870844295,488.98066643128954,2.962675020881467,Normal Operation
69.32402125458191,4.490127230824986,487.9155754406926,0.5472683598440609,Normal Operation
81.22664114868334,1.72952159493077,371.5628724139966,3.4452560154453553,Normal Operation
73.547954680129,0.1239044382389698,413.9912005161484,0.6418605912930964,Overheating Motor
51.54057299106056,4.634994658287091,597.7042693457405,1.8910607718021861,Unbalanced Load
76.38652852822602,1.5384981687247279,451.969954112962,0.15706746773892666,Normal Operation
73.69645931882599,4.184746531238614,665.5104400512379,2.0552100608509387,Clogged Filter
79.09953903973644,2.9789114908192715,431.63103326958606,0.723109581658376,Normal Operation
67.61540059897078,0.3081495526785466,307.6454415539459,1.9398795149268948,Normal Operation
95.1551676200655,0.9422026662319649,447.37995514050147,1.786227605763736,Normal Operation
81.20531279534183,1.1266324163935493,397.9811572450567,3.1455134439819563,Normal Operation
90.80321264466329,2.6510335305302455,348.3530580176946,0.06738554852106504,Normal Operation
66.32565648133334,1.94368980314465,465.283671133513,2.5527459941939057,Normal Operation
41.36539006914318,2.3098967366087653,324.24158761691416,1.0735547433916985,Overheating Motor
74.7332796076729,2.170247541416712,492.2573118962748,0.702781527393842,Normal Operation
1252.5706816368395,4.646496571001663,561.6809642497442,4.9691397967849245,Normal Operation
945.6748053172403,2.596336481942986,660.6043740502719,0.7374268433860648,Overheating Motor
62.40470028954043,2.4394452262881487,527.786812890367,4.292829790850867,Clogged Filter
45.085898756968305,2.2042004190254385,317.4346189843682,1.3325775320833526,Normal Operation
66.2083309744789,2.7067494737516147,383.6821926961106,3.641848084894569,Bearing Wear
75.76831135144567,2.474882429118204,549.019777557011,1.3082905554419262,Normal Operation
87.99765258333802,2.922589430609669,575.2204623371578,3.779652834265387,Bearing Wear
76.09628973887568,3.737163907369925,407.67800063245073,2.1421217778128216,Normal Operation
56.469443236744155,1.8367128789300264,419.4219081821014,4.403880854733233,Normal Operation
91.35465870555724,3.9691541388627365,537.4755119356743,0.6277714820246477,Unbalanced Load
96.56000494055331,0.23528522227738657,663.6753233899034,2.7118202341569404,Clogged Filter
96.31146626608572,1.8723781531422723,613.244201462333,4.749851126377625,Normal Operation
89.04202369945838,2.8951327078801894,355.2625663829765,1.321324818402851,Normal Operation
94.24863163461984,4.330685440572008,316.63211550289753,4.863723840228479,Bearing Wear
45.83800881822615,3.1661020972262897,573.6432672671215,0.2317642792489255,Normal Operation
73.2684006517105,1.2736532661275262,493.8610674535432,4.670993878810259,Normal Operation
59.08851582371159,4.9898159643897975,673.1622218172097,2.474418019086881,Clogged Filter
57.884281048893115,3.4860809828049053,364.31187850260227,0.6475251902211576,Clogged Filter
41.405904575446044,2.4759643057678185,632.4317415566463,1.9473643189434475,Normal Operation
966.7703090397601,3.401919297401843,385.0903822759951,2.403971949375686,Normal Operation
1407.012260121116,4.438037052642182,674.5594820727081,0.0460730378378027,Normal Operation
77.37456985877591,1.1005665058540148,602.6356636700827,1.822740328007391,Bearing Wear
64.8350754648817,3.242340300376896,513.1441564452226,2.32877738808168,Normal Operation
60.20543339894533,4.761619880496652,605.6195204834812,1.2222934055968204,Normal Operation
51.66500166146963,3.0816466544536985,599.9681859116092,4.184729137015357,Bearing Wear
96.12843697431217,4.466158166520414,698.0778514301967,1.9464098638231704,Unbalanced Load
92.6914325758089,1.5745022963035642,364.067810649037,2.8786724261598042,Normal Operation
59.65590182320248,4.694841236166633,674.5873694386444,4.176644606600385,Bearing Wear
74.02917014398112,1.71556499814988,487.27043757394426,3.0088336738075605,Clogged Filter
85.7627535210129,0.45410278863199427,328.5762692902463,4.390922639092576,Normal Operation
53.81176186056522,3.817748164895689,311.769772488715,2.0945747472398106,Bearing Wear
42.052236100311106,3.3594365531352954,388.2722141986689,4.803165723342351,Normal Operation
62.21901500126819,4.942742799798644,500.84021934809925,0.6071525888251972,Normal Operation
56.32701914813285,2.224008106203365,364.45771574820503,3.394456467420024,Normal Operation
94.97777935158835,2.7399701353687362,567.1776147657704,0.6899592503056518,Normal Operation
66.04270530689153,0.013098777483436796,349.7252338284711,3.175608860287487,Normal Operation
266.22008163202395,2.9815108762736644,490.64395952059124,0.5134333529826596,Bearing Wear
49.18757786401684,0.037607561007363954,547.8036753026366,2.9865028239247877,Normal Operation
75.4564236981218,3.0077807136629775,355.7172039619525,0.04326864425848842,Normal Operation
87.60495678452364,4.392630229922194,443.0140062214058,1.9004275921391773,Normal Operation
56.643076116087066,0.5839565955981341,357.8554966636484,0.2332371430767377,Clogged Filter
80.4086664286631,4.966231195623045,402.69680631713993,0.7859394942298498,Normal Operation
43.90411450225577,2.0201701115785897,586.0031100685417,3.5408875208148065,Clogged Filter
51.70437899248012,1.172123009677406,370.3265910832921,2.5771086818276197,Normal Operation
79.34427970839037,2.1608416756096425,423.13967026959244,2.8309347659352238,Normal Operation
48.29913772683348,2.00989466839057,456.66092312590274,3.128056345839876,Bearing Wear
74.6726722679158,1.4955923158326452,446.609754468416,0.9788342569445208,Bearing Wear
64.5541660205147,2.6546376587919447,630.4335633026967,3.0244424144560966,Clogged Filter
81.18598903522036,4.896898747454639,435.60405391555264,3.8537258273883785,Bearing Wear
64.90401974509251,3.5665505027280124,659.3499366734509,0.548408038785177,Bearing Wear
81.42290362157156,0.26765385509172235,497.5529392484664,1.081239905268142,Overheating Motor
48.38575378722146,1.0394704339420984,475.2833169556658,1.6955931851561905,Normal Operation
65.25232126847592,4.9837968570219875,484.52399719905287,2.598996549335404,Bearing Wear
83.86576377408872,1.1431886195053202,561.7254379794695,1.3643443249749514,Bearing Wear
76.81512004095522,4.208853853065785,455.41396840872244,1.380594345376469,Clogged Filter
88.04441390487793,0.8478995212057705,356.3476189061108,1.6591103380967709,Normal Operation
82.72408467779304,3.645193991800925,409.6720288423172,3.667927941324289,Bearing Wear
50.80551226801339,1.9528335666638852,363.410502943067,3.961724857869424,Normal Operation
819.239282525944,2.412329696525507,698.7078021147869,1.9391622621145188,Normal Operation
49.08447222058025,0.2525096125154008,428.4310873880171,0.7744225681183076,Normal Operation
69.16569741028528,4.064833639271682,623.4845155006241,2.8290038799688224,Clogged Filter
86.27205811575192,2.641945412725097,684.2042735785828,1.188017338312608,Unbalanced Load
93.67208478123564,2.249678106678394,572.8605145961923,3.5649379831705637,Clogged Filter
56.077787628431565,4.5169469574416325,525.477405337447,0.1222116587478217,Overheating Motor
97.06757424725879,1.1757399042467993,498.4849997173999,2.6828068608440643,Normal Operation
63.39521063290391,0.31350655011260387,672.2712779866548,2.6445191813100615,Normal Operation
79.03978494539508,2.0233322045569024,572.6208936462483,2.803907394562472,Normal Operation
73.59280844465812,4.602146546810346,699.3065371412458,2.1701031368714245,Clogged Filter
96.975635126839,1.2474542168380565,622.680324105379,1.8278850744644504,Normal Operation
46.04188005111467,3.8761594705972087,695.0635302848225,0.7452619939523969,Normal Operation
78.04017982140445,1.3094197844525173,603.2200340188904,3.2695671011835907,Clogged Filter
61.27909371464584,4.204667951965231,477.0655573678507,1.4806787093325924,Normal Operation
99.41839879015194,0.15928217861443827,695.3073463197867,3.230981374459078,Normal Operation
55.58052937939895,4.923674342512966,658.2361300441653,1.338522077295143,Unbalanced Load
68.68113088016563,2.8486895635045224,593.2526522027433,0.45319681079212304,Normal Operation
83.40587504067963,4.559807935886003,470.086240007725,3.61237415594138,Bearing Wear
94.61835519835108,3.5623428734319345,505.3621859654362,0.37671994307238776,Normal Operation
58.67644545993447,2.2117060722034614,452.93461375648315,1.4012467492639042,Normal Operation
76.80682617629571,3.430038263772362,572.4481272707852,4.597695084011505,Clogged Filter
80.21678636173756,4.319957799232702,642.7873932999694,0.8371781988722743,Unbalanced Load
44.839743778136615,4.113538394082645,312.06837876250967,3.131093318406511,Normal Operation
90.05250563752492,4.5573351291389255,535.2035446273248,2.544280831924093,Unbalanced Load
61.14841780102243,3.9899888103613588,399.5434921567553,1.574185417012769,Normal Operation
83.02914723203132,2.257363402470673,454.7302843752756,0.7848378443842979,Normal Operation
83.3721103973339,3.6089693780794607,652.0930073924542,1.0533679660575745,Normal Operation
83.1203043798173,4.610540074030874,659.2509447940716,1.1575975682390944,Normal Operation
62.80159481956598,4.859328019622796,485.15906688077246,3.0852805708995406,Normal Operation
98.58976158899803,3.5794168666057,692.7370846088186,2.8060696311973174,Clogged Filter
53.807435975212485,0.5656922768364725,517.7482772319754,2.6466688297714596,Normal Operation
90.33880664017374,4.06235495517755,577.2887379919916,4.957678407490315,Unbalanced Load
45.20898484752559,2.9272038027950513,433.7399347694285,1.4149402590332971,Normal Operation
43.21406197580283,0.7655859630237893,665.775370076841,0.6503927907842266,Normal Operation
54.32175831481946,0.2175090375548544,547.1605258857841,0.16135858300974248,Clogged Filter
46.70400825819447,2.9067130889341852,340.7926627650272,4.249166000208411,Bearing Wear
66.34196672433248,0.17311769476142158,384.60087665938437,3.089991651415265,Clogged Filter
97.91250623211718,2.1352950112081337,580.5526532030256,3.332312797933923,Normal Operation
89.87558564713183,0.3066224584484678,690.7613330943229,1.3108675755058585,Unbalanced Load
40.29178615049168,4.65530960423349,454.39318207563576,4.928311833038157,Bearing Wear
96.63791051800811,2.0076853112450537,395.8061471612145,2.2786958854459387,Normal Operation
88.38879278462602,2.627669015746682,451.03160708331376,3.5939850159358104,Normal Operation
90.55211915627237,3.39430928261712,408.02514615986365,3.5671091324592643,Bearing Wear
78.7475958632509,1.6329963807950287,605.1172513392648,0.7659022759435369,Clogged Filter
94.38720849129706,2.1302713712105925,552.2393640579014,3.5099964436887414,Clogged Filter
75.41032228458658,4.134742430154742,444.63588405426054,2.7221443176373676,Normal Operation
82.87114565925472,3.5929612563544087,416.45943201916157,2.432779394888925,Bearing Wear
73.50795991131577,0.49480024804606226,618.8673449091991,2.57612620318329,Clogged Filter
53.9463899581173,4.6149461264554015,435.6561143456738,3.3614615946110034,Normal Operation
1667.4944294976742,0.8940180920504914,658.3129273653246,4.946437414072684,Overheating Motor
40.34620502753231,1.2022372684064835,482.6302569248187,1.442436088540543,Normal Operation
63.90476120927276,4.496582963555791,531.6851854406873,2.801384885598372,Clogged Filter
342.4842178402132,4.964464170062771,658.3228683206912,3.558360805534284,Overheating Motor
43.542899950066186,2.160230924735662,385.0332929040843,2.740475937141225,Normal Operation
42.283161848103354,0.0419823563203503,594.1566037878811,0.09004531251309067,Normal Operation
88.51859260859939,4.398644137909687,427.45562133032064,1.9644299400046583,Normal Operation
50.91836831912043,0.8649198052513696,621.7775545552113,0.8555149217997643,Normal Operation
80.13251581785659,4.641297388437244,404.4729709735414,3.8732423174245048,Normal Operation
82.45706324983081,1.2906601093267855,391.2715187235372,2.295000666156153,Normal Operation
63.54190194012539,1.8547404335841389,603.2302149815467,0.4557762992520642,Normal Operation
84.9931757476561,1.7912711296629569,606.4282774972017,0.39688568217438214,Clogged Filter
69.717814237866,3.3995864485485994,605.4679788226067,0.994179371262528,Clogged Filter
94.89343130124753,4.169097716884729,681.0082299959265,3.225707019472373,Clogged Filter
55.720692233880236,0.44640621600112673,508.1668629384276,4.84518490835664,Normal Operation
54.556052813813686,2.168327672952533,343.9192779892853,2.215431216814096,Normal Operation
226.7193876675635,2.800522352013395,673.8686341473872,0.117187752090393,Unbalanced Load
55.93153600986531,2.072434114433961,400.46558818271393,1.9771007201454065,Normal Operation
69.3113629280487,3.8247998154476806,604.9387130543051,3.1749451270730007,Clogged Filter
81.14348520026088,1.709362041371088,387.6128790560824,0.577446385007877,Normal Operation
52.287701318838444,4.144180691066696,679.7821717921238,0.6052414992125416,Normal Operation
48.94752602276269,0.1882036974982837,622.573920407217,0.2496631637167157,Normal Operation
78.0564422887609,4.710527120983131,630.3732038506289,0.27041475199299114,Normal Operation
1514.9976265380574,2.2137634240965642,552.6450322845112,2.3047391300821456,Overheating Motor
83.95610652359805,2.5192822303759907,563.330849657121,0.7953288244457052,Normal Operation
97.97391547101043,1.5334544651250914,421.95369073923564,0.9686995375166518,Normal Operation
56.219746197639545,2.542235463100684,696.745531894601,0.36991887517179856,Normal Operation
72.32365971798376,2.175891527900948,335.3018864803054,1.5884019996926158,Normal Operation
71.2494701016974,3.969936067281909,597.2141022969847,2.721197841876368,Unbalanced Load
70.29309924392012,2.443307943885436,633.581929652664,3.0174599888685716,Normal Operation
998.6164074352265,1.0823904195699707,574.497563092193,0.7383876104751635,Normal Operation
66.17346077900547,0.9942452648779265,555.9705112291257,2.6670905719094327,Clogged Filter
64.79171196824024,2.1476680270387964,389.3907826322017,3.8034529759351887,Normal Operation
1252.0916455674458,2.3915109464620943,554.3239930139763,2.9574640038851916,Normal Operation
95.24841914390768,3.8385470353735727,586.5104422946988,0.7539851075839393,Clogged Filter
67.32744610329001,4.134034095928812,345.73261338545797,1.8658805364931086,Normal Operation
40.73795803963652,4.505115533174706,687.602035290573,1.9058483690380896,Normal Operation
48.50518952606744,2.008686150504693,503.49265893903925,1.1957153351125027,Normal Operation
64.59494428313647,3.431045706912432,442.795176501679,4.431690209014673,Normal Operation
82.50845905900249,3.8441921372282306,329.96414550812676,1.1947663546944605,Normal Operation
91.87618775887228,4.68814098037306,333.7742614302027,3.7679972783317273,Bearing Wear
74.5240561607066,2.52443651589242,567.216015301183,4.670733630752266,Clogged Filter
61.19673576559752,1.2004496421665993,617.5465901779203,1.5197377729929917,Clogged Filter
53.0323483208851,3.929408726757448,557.1083457457203,3.102156594221212,Bearing Wear
84.7163367846474,4.417730103162359,579.7042068384957,0.383292846353655,Unbalanced Load
79.82945724239151,2.7547701955467776,589.6062013601851,3.951884032680186,Clogged Filter
62.1186319203253,2.1013986032555647,578.5306910532572,0.3501929383683522,Normal Operation
82.20707367874058,4.590949361699954,496.9303140738456,4.713627293201616,Bearing Wear
41.90787938765051,4.9707398092322554,578.7950625135252,3.962256608168442,Unbalanced Load
73.0846006094661,4.305328805020155,577.4189025868013,0.9837686407143442,Normal Operation
99.64949092963914,1.126295605431848,373.7378704990943,2.8005689929759963,Normal Operation
43.78636310575616,2.6933859331640884,326.4250871715636,2.936726093493662,Normal Operation
78.51082061582787,4.326137522103889,541.261366792607,4.547509873708629,Bearing Wear
62.038675662301,0.2503926502551196,486.20369792488634,4.822250167586726,Normal Operation
1671.257063506291,1.7271610760578926,559.5530159146874,4.988346531259706,Overheating Motor
40.810518898953966,0.7774306647529378,383.62345628390545,4.7967405334724,Normal Operation
40.11753780169882,1.9984342376421744,617.0542013376648,3.253373763039865,Unbalanced Load
51.93096524192961,4.816619532921169,514.705317143712,0.2268367162470153,Normal Operation
59.54961499647025,4.5484617513578005,427.17312533220365,0.8726207717392909,Normal Operation
57.7081008125137,2.705555820827062,682.9515664579451,1.0841404689403982,Unbalanced Load
78.56632521944151,4.367760781676981,301.60381772492633,0.5059666332380403,Normal Operation
54.192682640174844,3.340319977654685,396.6292645552525,1.1883368816850943,Normal Operation
86.61830051507278,3.7921290705863937,347.1984171891804,0.14903340760239359,Normal Operation
92.13112512069284,0.9754235586461946,590.0302147846794,3.301267211932937,Clogged Filter
73.54785168894824,0.45330032307800194,660.5611217506664,2.400254825682995,Normal Operation
45.73000396628026,2.5503140367839383,369.62722307309707,1.5730325461795664,Normal Operation
66.26662131711115,3.8453306721614346,444.8409223067481,0.2804107957304214,Normal Operation
41.28697598076577,3.939759204318652,354.2065955428189,0.8808534592648903,Normal Operation
42.749673921781365,3.8177712579823893,389.2959520483727,1.9229343484721624,Normal Operation
1545.8826496752158,0.836915994086484,495.011428765813,3.331865568626732,Normal Operation
54.45954676750752,1.2863225749938851,349.4599650045135,1.0225171786456118,Normal Operation
45.74656888430645,3.131624296548336,559.1859244208313,3.913992614266194,Bearing Wear
77.2869981755479,1.0581206536784404,376.54546912476746,3.5153201195264967,Normal Operation
79.63093292406461,2.608001992251579,673.8365745243193,1.9420711908284827,Normal Operation
93.42071976068786,1.2955329014514516,411.82804162628753,4.073338272714164,Normal Operation
40.12207171197336,3.608480861516352,534.6087524880606,3.719456226978144,Clogged Filter
72.31517158773408,3.3394709029116165,315.9575715396966,1.2144862711121234,Normal Operation
1037.463302636223,2.51231977383752,375.5706851294359,2.0921567882092247,Normal Operation
56.79139719654903,1.2230493133789255,301.458978526921,2.6571945968055277,Overheating Motor
96.88624910043686,2.7517614109460697,511.2224112911084,2.3848972450418753,Bearing Wear
86.32343958105177,4.777301374002919,537.9390411879062,3.565999320349735,Bearing Wear
110.41424405613851,4.13066236061071,349.39725073136316,4.942957940582674,Unbalanced Load
92.40767346380647,3.6499749245819473,617.1843384226072,0.25132992965793466,Unbalanced Load
53.07351739947937,4.70944374292679,435.8437776843933,2.052103579719727,Bearing Wear
64.37574376377948,4.475268697717542,630.7349721253279,4.3885150556865575,Bearing Wear
82.92604218623406,4.741360857771471,457.21149219466474,3.698944515069163,Clogged Filter
52.2350703567536,1.1598190834303657,473.05699918662265,1.1558230165210537,Clogged Filter
67.79218414115404,3.9359061284823813,634.1968386645635,4.306695889788271,Bearing Wear
62.33947097932467,3.201106345408159,404.691333958089,3.516752023034912,Bearing Wear
515.4905273630106,0.5906147748259188,668.2972984168591,4.844630750297207,Normal Operation
70.46428114525878,3.253053606852302,674.8394576065424,3.3747192602855245,Unbalanced Load
61.76405825871862,2.603740490872561,667.5463182210485,1.8468035914752656,Normal Operation
69.9222754341477,4.593470599288814,372.5986524456043,3.1792029953432035,Normal Operation
53.74436670676992,3.1964075707967465,450.4318649951214,1.9148511661940089,Normal Operation
64.01177564310257,2.179304869841716,520.3555663147692,1.5890841663905508,Unbalanced Load
54.20592204025223,2.172274140787601,436.5916568711506,1.2261748988731465,Normal Operation
48.78457420019902,3.611831989460126,361.6267650638779,1.2815763166710181,Normal Operation
60.16494209261792,2.154582404822177,642.9662630115458,2.997770199809991,Unbalanced Load
95.55542340933061,1.2195641478774655,649.4310842395457,3.0211326909903997,Clogged Filter
94.09124577794606,3.886819064117743,508.30883841273203,3.0084402381244497,Normal Operation
76.95117421165705,3.9265577516615906,634.6590219519136,2.1615965640478985,Clogged Filter
56.06619900821727,2.7730812668511096,430.8697336926367,0.7901348245086603,Clogged Filter
40.89530520414817,3.6205906393265357,390.39675566199,3.6163721272435505,Normal Operation
48.03894566688661,3.413164094455289,509.694985927016,3.949129944557948,Clogged Filter
56.41392877475674,4.936828901170426,567.7494037282577,1.2866976973026878,Unbalanced Load
40.88500552095555,1.362804900936072,346.79940815450794,4.34278049627796,Normal Operation
79.35584139763645,1.1600317643441,571.4896756203016,3.219872410862571,Clogged Filter
1573.3794952573526,0.3524805652755042,521.0450037697203,1.979375743814475,Normal Operation
987.2181065054207,3.419967470461141,651.2312416590734,3.3572699492426135,Normal Operation
78.51751836442837,2.3240439309732186,386.8088450814818,1.1514179341646775,Normal Operation
1541.073844734929,1.0508114148515841,313.96898650634455,1.906437611940834,Normal Operation
77.64918185678309,1.2832821471394396,578.7797548386759,2.448786988816912,Clogged Filter
90.09232954735116,2.1788388447393503,510.93305812195604,0.8842006152087128,Bearing Wear
84.44839996532079,1.5551667381771854,573.1356282827013,0.7918753493984326,Normal Operation
41.51566213518211,1.6165105307851668,349.48570266078104,1.8585276136291429,Normal Operation
50.659152883064564,3.3455370615319477,387.5373979280973,1.0219755337345138,Unbalanced Load
56.58002415995488,0.4727584919145289,629.7053434690986,1.93940806700438,Normal Operation
53.17881285624765,0.7537232097140129,679.3847114112942,1.2378602740238613,Normal Operation
61.927723572911916,1.6935020005307049,593.2891302455456,3.8178421851175344,Clogged Filter
57.75059544920548,1.082516897037686,582.0225924340067,3.7159829774335726,Clogged Filter
42.58912686319079,1.9811202654579474,508.1394692417251,4.052430100651841,Normal Operation
1165.3703298662638,2.4166995884168707,416.51380147528016,2.1775377507963416,Normal Operation
95.92112145648963,4.071373658042095,521.3363157185453,3.6621544584352295,Bearing Wear
83.24023681598254,3.1139017447267947,698.9393308019569,2.8032601948507847,Clogged Filter
219.6205829579023,2.904548818248652,350.50022538698545,1.2624325120467617,Normal Operation
958.2890060486567,1.5730560011350687,513.5660620400483,0.8592227703274347,Normal Operation
59.21244386229163,0.63879677182755,553.1985330321975,4.691376664677269,Normal Operation
46.55923082990428,0.17898417033692327,677.2004805475992,0.2390464129510722,Normal Operation
81.7508553801452,3.8892435625363926,619.6834942607267,3.7766411089837257,Bearing Wear
70.11889856429477,3.421074785532485,315.09702576889475,1.4511097219387659,Normal Operation
72.2113374465709,1.9825169062375747,507.4078268240918,2.8780597389274245,Normal Operation
75.5765562994076,3.7600730118373122,600.8645048358201,0.6129033839619807,Unbalanced Load
63.517763702777664,3.8811900167104123,348.196184196491,3.9208468623756927,Normal Operation
1391.9236897096378,2.0884364796821915,396.6618749775319,4.64714647731232,Normal Operation
59.9186819196084,4.66945868519299,544.5209615405989,1.8823368781521448,Clogged Filter
59.886016368659796,1.2887917126789128,684.9231994169793,3.238579971133189,Clogged Filter
84.6406833188577,4.818945082037564,346.9823842481662,2.180372218036019,Overheating Motor
88.10473874228083,2.6161325289791924,513.0554200552956,3.806090776720932,Normal Operation
43.74314664079746,1.9436444277885423,394.5720002554134,1.881734362202205,Clogged Filter
77.66907750295448,1.4587820261942697,545.2313695921483,2.706071754024984,Bearing Wear
54.280534047836824,4.986172147709105,604.7782884181936,0.03203536047835798,Clogged Filter
41.67317360217772,4.940845783917726,646.6948856313893,3.0815678780910902,Unbalanced Load
49.214061332929276,4.8642673089247435,351.324747934576,0.20134449218236872,Normal Operation
55.27006639901129,1.091357753535105,431.11287047557346,3.962086350348018,Normal Operation
65.10478214641054,4.214317875502174,637.8687744627014,4.343873873646828,Bearing Wear
58.90607843868227,4.65419541704727,617.9834171810592,3.404463167951236,Unbalanced Load
976.0729212719455,4.290490273518845,684.4201095085712,4.670336037480236,Normal Operation
78.49002702690925,2.9548201612244602,483.9367955199517,1.514604635576422,Normal Operation
82.49203986225183,0.7343964146583354,445.7609462998554,3.756018978021893,Clogged Filter
78.7907514402288,1.1497894143101928,332.97001255020206,4.129509809951131,Normal Operation
42.96013448291152,1.6326730535878764,653.2629281206594,2.4586025077404154,Clogged Filter
89.22930815864001,0.5400743029083915,588.5064793437367,0.22717257695692383,Normal Operation
74.46680853086409,3.028375597566884,543.9983411626173,3.5514600639959433,Unbalanced Load
67.33723166383808,4.861935332924415,613.6034193399682,3.7178287001139303,Unbalanced Load
65.32987735764641,2.46729556419763,385.9530578292654,2.655832129765253,Normal Operation
54.14622104290693,0.6476291917175842,662.1039971340704,1.2813400942476005,Normal Operation
62.74604409546316,1.3089700541870697,314.35865568138775,1.681729510386043,Normal Operation
43.961906350735696,1.411012715272999,402.34306544185677,2.0401725913151165,Normal Operation
1266.9714495006615,1.8996575496397161,331.80776252972,3.8371211644023773,Normal Operation
666.4916584024896,1.4400145306583374,627.9043403058906,2.569370974143169,Clogged Filter
95.24203326088697,2.3187907036169317,457.7836996023226,4.205544678743095,Normal Operation
69.0834193199353,1.1719672797733516,373.4754617321573,0.9311577870394755,Normal Operation
81.01567000122154,1.8320974105431338,676.6602063185779,3.6357804650495003,Normal Operation
57.32559858696389,2.0088129949660822,675.4367718261076,3.2609833039694043,Clogged Filter
89.96439245845269,3.1595297783941607,316.19437570869604,4.732982703357382,Bearing Wear
51.387906702059354,3.564923674998386,425.92098084364983,0.4001871162768045,Normal Operation
1107.9854422333694,3.9131108919379742,476.98963121186773,1.7646405377217693,Normal Operation
84.18860525927482,1.7137955084216139,617.133980819796,2.8077906162800352,Clogged Filter
98.55497154998694,2.6015599619676983,599.4576978195691,2.1856416552098716,Bearing Wear
70.27821245185821,0.7668921741578139,422.9117698676776,0.14337370329156718,Normal Operation
70.84045195271614,0.9960471419780681,675.5484301701002,3.148596388402807,Clogged Filter
71.04990177637609,4.750720646146283,574.0304274020814,3.5137856220892827,Clogged Filter
84.6358424173493,0.8510042649194577,419.9885324835441,1.5766041508132749,Bearing Wear
57.582092541166034,3.048480428064386,568.8958488429155,4.440433006165939,Unbalanced Load
93.30832235646398,1.583824935542952,428.1207142603905,4.075687453233693,Normal Operation
54.53140957868586,0.16694264712460216,534.9882748093678,0.47607118341687904,Bearing Wear
87.26269506895477,3.6341684419994436,455.6493436293536,1.2845156934783724,Overheating Motor
1284.0707138641435,4.021380132431618,674.2657880688901,1.2420276169488793,Normal Operation
79.00463633197927,1.6676596209527088,518.9659054671968,1.401265816632613,Normal Operation
54.65959687791728,3.4022916268472976,532.0980554629983,2.5366342288784125,Unbalanced Load
80.65902917322917,4.023631878312035,604.7245688858851,0.46087481679599196,Clogged Filter
69.25759191465528,2.5412641222730725,479.8928056126314,1.9449415748645023,Normal Operation
92.97573375636738,4.563559080596985,348.36329396493437,3.3240144930019704,Normal Operation
88.70362001128767,3.6672015972980025,341.6475839339931,3.949618651208503,Bearing Wear
82.82372594358182,2.8973907064222404,462.4814457535248,0.6206628004780645,Normal Operation
52.8659245348519,0.16903668771027336,628.6046479516747,3.9133179320334675,Clogged Filter
1414.2496193232132,0.8805813959050524,332.35369874450294,0.5207745912571965,Clogged Filter
93.4224824190647,4.906422515478866,476.75325109210894,4.595042649885405,Bearing Wear
96.49353889478982,1.3036729744367808,537.4137872236408,2.4388192062486427,Clogged Filter
80.99001549320035,3.5340498150058792,375.57757107405195,0.13129458082353163,Normal Operation
56.32487418616895,1.1070714891046922,413.2554238639573,3.8264741052584945,Normal Operation
73.61629633504057,0.7233797211750759,508.2875943217122,4.871689190508267,Unbalanced Load
63.91364409240049,3.0188060120076514,405.2244376999337,4.214890682590541,Normal Operation
95.629267451443,0.36570317634678384,559.9130308085855,2.7341579657162702,Clogged Filter
1078.3105710736945,0.4880445469770689,680.9368201322113,4.6482806683590265,Normal Operation
1237.491651435829,1.801320942155034,672.5583166870363,1.7658013473823182,Normal Operation
99.93516596101585,4.068679328635151,339.985460679657,0.5273616097694928,Normal Operation
73.14153351938393,4.101098723756265,305.51281274290614,1.691373617259757,Normal Operation
49.036629598481085,3.401756126773798,565.6051907357344,1.5561294984043754,Normal Operation
94.08889136763821,2.8530832259817727,419.84801846973,1.2462170184549526,Normal Operation
51.79976370222185,2.4883069328044094,451.6589436445604,4.736452065905161,Normal Operation
64.78477991126356,0.3288440820962302,565.7605510621544,3.688415715370745,Normal Operation
41.52700162165191,4.140790682417851,484.318887084681,2.677775044014256,Normal Operation
57.73395199570281,1.4307657055710892,623.0531130912539,0.8524353627841091,Normal Operation
293.33350096503887,1.8397782310816424,644.6897836100718,2.413794797542182,Overheating Motor
54.38709469819961,1.184652943620514,489.8339308584648,0.11002398982974837,Normal Operation
57.345238403256296,3.7320434448248725,489.60552829994236,0.826353660927393,Normal Operation
46.153366471751376,2.7002650907218957,379.26949384352906,2.1832187856748915,Bearing Wear
60.511629671987784,0.7934975235845071,590.9203485626199,2.7564297831302476,Clogged Filter
56.066450029095805,4.033482649547244,599.2460945440216,4.542182554779657,Clogged Filter
74.69893435056491,1.0122321096990783,332.172486020361,2.863480582017577,Normal Operation
55.340010309637826,4.325532483870481,324.06420939362783,0.30634829736931934,Normal Operation
51.797167373184806,4.902729186359741,633.1881159781408,3.0981577921069112,Unbalanced Load
74.79254223506045,0.394918326254422,418.7452720043864,2.199132529322921,Clogged Filter
63.03616341828014,0.4242950032505627,670.9542505797351,4.4612879713865485,Clogged Filter
92.01432972547661,0.7705714660855739,485.4154435504089,4.161064235525675,Overheating Motor
671.9352758349927,4.032350784909349,638.936876774708,2.6268602947059123,Normal Operation
83.25193436813157,1.7197221328298111,512.006735093144,4.519210507002993,Normal Operation
47.504457559776675,2.378650595346352,628.5010880633063,4.087753014087819,Normal Operation
88.68033453593287,0.022975540121599747,348.9461906862855,2.2864225274569723,Normal Operation
93.31569139107907,0.07728097054299832,569.9815533361793,1.0766974060823975,Normal Operation
598.6035396535282,2.000211127624251,410.6151227870956,1.4806529426659054,Unbalanced Load
84.99341220546452,4.551811781835617,492.30997929362184,1.7042608786834834,Normal Operation
41.61030043910959,0.41385900890382965,496.60273374622307,4.947421642928776,Normal Operation
40.31000969470297,1.4132233880761635,379.2303469377116,0.2724282167522618,Normal Operation
67.51916602142784,0.6086796621235829,307.1282340438778,0.35293436441842463,Clogged Filter
41.96675901349319,0.1598371090948819,656.4047172362591,4.461558947968517,Normal Operation
69.2065226278938,4.991556024631177,384.52047016091046,0.14743729858248233,Normal Operation
79.66748313503807,1.504665712288874,571.3564052606997,2.7367822775464665,Normal Operation
44.561518026133434,2.6215070439687986,372.629169383886,2.665234570474468,Normal Operation
45.40243189366148,4.591367635193407,380.8131425265572,2.0844446423508822,Bearing Wear
93.53609970397883,2.975970942657558,466.1344140223605,1.5291603772181606,Clogged Filter
493.0317921735166,3.3775853815284016,562.4802355943525,4.080969637467357,Normal Operation
80.81981085076379,1.4156901977185314,521.5865108883653,4.953323771032294,Clogged Filter
95.93103617196869,2.1974942728523432,524.9722214365149,1.1448464436060901,Normal Operation
59.968601526511904,3.3842027297947084,408.07439618343665,2.8485340031796764,Normal Operation
1535.773782747749,3.9340589689064505,598.1643536429203,1.1226694075103145,Overheating Motor
874.9018438421738,4.865988634881556,300.04354858370823,1.075550816603984,Normal Operation
580.4685252806414,1.0252886685555551,624.323176916266,1.651531724058914,Normal Operation
41.540858818395215,3.2237251757453267,577.9959708807803,2.627885872216074,Bearing Wear
72.24333879712051,4.738710903539601,620.9442034834033,4.273342540481146,Bearing Wear
41.29285666370681,2.74310581171385,580.1260506947042,4.358074383753501,Clogged Filter
1600.532252553037,1.1626487928114586,478.4918146210173,2.1569122314002516,Normal Operation
87.14699422763687,0.8935191290662908,484.8350486692956,4.311986999327907,Normal Operation
57.34389642138419,3.036737677224467,527.4116306438812,0.27822419305375323,Normal Operation
1652.360830852569,2.9236329287049907,349.71774904414906,4.387178494595499,Normal Operation
44.09812974817707,3.9211115559792415,596.111590325833,0.7056090626714356,Unbalanced Load
97.33764261334858,0.4574175194468305,300.1001565533811,1.6643351335212764,Normal Operation
45.03040017464463,0.5771500530388973,618.5471256918051,2.3649813372053528,Clogged Filter
78.05390509085173,2.018495028685111,422.6345968000999,3.4431289782693932,Normal Operation
42.9796906387419,0.21862309086705556,414.7191677920489,3.0478147847944914,Normal Operation
375.58095749401593,4.430855143760312,335.17349338766365,3.7900027872433624,Normal Operation
96.4508644840084,1.152397676914061,517.0478026428241,1.792992583789244,Normal Operation
40.756968086495974,3.4438260177566997,426.8098719839782,4.963819067831292,Normal Operation
86.25603588613569,4.851394997085843,307.95542441750905,4.4285680496626485,Normal Operation
89.5773609474949,2.4650627236505365,304.5101974089459,2.7905266451425144,Normal Operation
1595.8584356216957,3.4496442467462787,304.42562154606117,1.8639176102258848,Normal Operation
1549.8646944845216,4.150688147593183,687.2006495219209,1.6104681281219224,Overheating Motor
308.2057001851403,4.606417113493585,595.926457932024,0.3981142907677371,Overheating Motor
75.89798782378013,1.5728163010820584,321.92707743674686,2.107271318545956,Normal Operation
70.60758307021602,3.0445953999203206,311.30273969450786,2.405356214812641,Unbalanced Load
79.99149721300265,3.3022306430798154,535.6144250484324,2.2581643051646787,Bearing Wear
73.76389447644422,2.1329150451857415,432.7219448854482,3.6938307724680834,Unbalanced Load
55.94923640587544,0.39018571160310267,559.1564281930272,2.4054102676447235,Clogged Filter
67.69471852405391,2.214635535698398,395.84636474176085,1.1797992290348835,Normal Operation
80.25771440374196,3.769110054343935,404.92960726995784,4.148414025625401,Normal Operation
85.10214537271533,2.612251404263003,526.4319351617187,4.347302379986352,Clogged Filter
51.39711285045461,2.3542272827780852,578.1041679212512,4.751786427663321,Clogged Filter
49.34074119707875,2.267346301951908,347.6522104881471,3.4237515324072767,Normal Operation
70.11027736491806,4.409819471066339,377.9621416316339,0.5634681438834938,Normal Operation
44.80484101330148,0.688798994956264,406.26262056951134,2.9762636918454213,Overheating Motor
87.00484626661799,2.9831869707646055,397.5589223936045,1.4920250089906428,Normal Operation
63.115241605992466,2.8070451826343366,414.84136499072576,0.3066011707563665,Normal Operation
90.60982739948005,2.2171808699723043,483.7055976845428,4.287370401334463,Unbalanced Load
52.521117852855866,3.089803140296037,327.1846647984995,1.089153765482871,Bearing Wear
92.46987285779664,2.8025043080122862,591.5771305211324,1.5735455521588249,Unbalanced Load
91.66341963173605,2.349453082246324,538.779229249978,0.6562057819404465,Normal Operation
99.56022441536783,3.6967829457820294,370.6889212766917,2.4854123854293397,Normal Operation
42.74787338410899,4.093069605768372,452.5451726525802,0.6183326526202071,Normal Operation
82.15285147854355,3.942164902426222,559.2985659522021,2.014438854748845,Bearing Wear
58.021427892849616,3.512980111582783,550.1354061489812,2.273080850890345,Unbalanced Load
73.78592779166424,1.4780065787061742,444.1561015929053,0.5186834823449638,Normal Operation
42.917616168367715,2.470821098257163,479.47947394332715,0.8469754020711218,Normal Operation
65.63835404036281,4.283030211380036,349.11816981829344,4.366296251522492,Bearing Wear
66.79061738500617,4.696402836756039,350.3662198458244,4.225209245903621,Normal Operation
85.51539039423469,3.689873406477349,466.77821519972014,4.675737899084698,Normal Operation
60.399448276632754,3.776709434057159,467.71192138854656,1.2954374357914893,Normal Operation
43.778424030085716,4.837549168098248,509.3771386226399,4.213768113071834,Bearing Wear
983.8360048982208,2.1882994224833703,570.930888869405,0.46218599733482135,Normal Operation
45.26234682732128,4.137794446822099,485.67764195589484,4.719553547982593,Normal Operation
47.41963210837614,3.7094584901277363,575.9417684269043,4.814252980417816,Normal Operation
87.84247313568278,1.087292518926886,474.35307476176564,2.2924659763245576,Normal Operation
897.5354684292987,4.017032911095391,669.602945517646,1.4685436079083884,Normal Operation
51.15982235669483,2.8839306247110534,368.78514926067686,3.3415594753538267,Normal Operation
55.84311946240061,4.70614040701882,383.4303575359085,1.235080244671788,Normal Operation
76.3512555132161,0.46649838880104433,373.6021320909346,4.140464678216047,Bearing Wear
96.95061990114502,3.5771175065859575,402.2038129309848,2.298561177688013,Overheating Motor
77.48408837065546,0.0725521139932761,436.50198837860444,1.2590285541916875,Normal Operation
56.97007029122513,4.996259856913322,678.4334514260506,0.8417738236424782,Normal Operation
67.25668959176329,4.875863792608206,469.09914249072585,2.34003929248546,Bearing Wear
69.93009661642049,0.8813126069991978,370.1419453591725,1.4074879119085155,Normal Operation
59.91307518762433,3.919466237924988,351.2299913096276,0.540123007860191,Normal Operation
73.99502251126,0.6516696991874577,316.99395964915385,2.446860259242478,Normal Operation
48.49660441052394,1.6441116402813027,488.08503532847135,3.505593465922126,Normal Operation
68.73188087230295,0.3384650973886838,642.0363490880808,1.8120591138922315,Bearing Wear
93.14877329364184,2.2196967444828934,421.64232086716993,4.067370467658283,Bearing Wear
1217.795238401801,3.69684034495823,312.6684206082844,2.620128502710239,Normal Operation
65.27740510368969,0.5699642982696401,528.9512049115052,1.3934646288143098,Normal Operation
79.49103344922968,0.5266919836078005,366.01568770084566,0.9914394782165087,Normal Operation
58.675963099137476,0.6243633735581783,615.2402147929325,2.015591521612034,Clogged Filter
52.07066773524181,3.2549266096183294,466.7533637679303,1.6118814024478822,Normal Operation
49.88262242615576,3.810847063626218,582.090216692969,1.4724913202270469,Normal Operation
41.271054597222665,1.0928228373488564,393.64284422241843,4.6440293998307745,Clogged Filter
46.096942285992235,0.6811530842958535,568.3650531854898,2.7586544147400764,Normal Operation
92.35605173430302,0.35244194496949044,531.1102486147809,4.672201150299996,Clogged Filter
68.99405538954457,4.59648144160114,302.5605055910867,1.4232120896372902,Normal Operation
70.06357705029758,3.335937294264906,640.234881079233,4.694760237160708,Unbalanced Load
46.90726980571311,0.4158412393406813,659.8235875960409,4.251993382588954,Clogged Filter
85.99522744905737,2.6752989869945165,537.5299364207026,1.5102411512631597,Normal Operation
85.15704910839355,4.851347174749316,316.61195291520625,1.192121907838683,Normal Operation
42.35302368574424,3.241944274755906,681.1271061309255,4.8660112899266865,Bearing Wear
82.57630977030533,4.026056325724386,668.610529010599,3.7265107678595784,Clogged Filter
46.99658288529305,3.671612929799743,507.97183294466316,0.93469914195833,Normal Operation
40.662729758537665,2.292288785872452,665.42795823795,2.7715275807275734,Clogged Filter
58.194426125577365,1.3335695622025812,518.6092258761124,0.4591405207351751,Normal Operation
60.737227569059804,4.9862139909617404,502.0161198878998,4.5711291705461035,Bearing Wear
72.59206013332269,1.6877594365198108,446.99674887566255,4.835299738360288,Normal Operation
59.40159768983506,2.469336129951527,421.2567381593892,1.1507108624403002,Normal Operation
67.40349725133095,4.047650984713468,675.9564991797719,0.3201275067020043,Normal Operation
